Text,URL
ShadowFox,https://www.shadowfox.org.in/
Home,https://www.shadowfox.org.in/
Our Approach,https://www.shadowfox.org.in/approach
Domains,https://www.shadowfox.org.in/domains
Shop,https://www.shadowfox.org.in/merch
Verify,https://www.shadowfox.org.in/verify
Register,https://forms.gle/s2sxbLVDF7mJEUcu8
ShadowFox,https://www.shadowfox.org.in/
Home,https://www.shadowfox.org.in/
Our Approach,https://www.shadowfox.org.in/approach
Domains,https://www.shadowfox.org.in/domains
Shop,https://www.shadowfox.org.in/merch
Verify,https://www.shadowfox.org.in/verify
Register,https://forms.gle/s2sxbLVDF7mJEUcu8
Explore domains,https://www.shadowfox.org.in/domains
Register Now,https://forms.gle/s2sxbLVDF7mJEUcu8
Support Our Mission,https://forms.gle/s2sxbLVDF7mJEUcu8
Become an Ambassador,https://forms.gle/SLVzxry3nijcgwVc8
ShadowFox,https://www.shadowfox.org.in/
LinkedIn,https://www.linkedin.com/company/shadowfoxinfo/
Join the community,https://chat.whatsapp.com/CSSYJi4Q3C1GMiwvfRB19Y
Home,https://www.shadowfox.org.in/
Our Approach,https://www.shadowfox.org.in/approach
Domains,https://www.shadowfox.org.in/domains
Shop,https://www.shadowfox.org.in/merch
support@shadowfox.in,mailto:support@shadowfox.in
+91-8095776765,tel:+918095776765
Apply Now,https://forms.gle/SLVzxry3nijcgwVc8
